<?xml version="1.0" encoding="utf-8" ?>
<Defs>

  <!-- ====== EGGS ====== -->

    <ThingDef ParentName="EggFertBase">
    <defName>EggDewbackFertilized</defName>
    <label>dewback egg (fert.)</label>
    <description>Fertilized Dewback egg.</description>
    <graphicData>
      <color>(200,200,200)</color>
      <drawSize>1.3</drawSize>
    </graphicData>
    <statBases>
      <MarketValue>40.0</MarketValue>
    </statBases>
    <comps>
      <li Class="CompProperties_Hatcher">
        <hatcherDaystoHatch>15</hatcherDaystoHatch>
        <hatcherPawn>Dewback</hatcherPawn>
      </li>
    </comps>
  </ThingDef>
  
  <ThingDef ParentName="EggFertBase">
    <defName>EggRancorFertilized</defName>
    <label>rancor egg (fert.)</label>
    <description>Fertilized Rancor egg.</description>
    <graphicData>
      <color>(246,230,227)</color>
      <drawSize>1.6</drawSize>
    </graphicData>
    <statBases>
      <MarketValue>140.0</MarketValue>
    </statBases>
    <comps>
      <li Class="CompProperties_Hatcher">
        <hatcherDaystoHatch>15</hatcherDaystoHatch>
        <hatcherPawn>Rancor</hatcherPawn>
      </li>
    </comps>
  </ThingDef>
  
  <ThingDef ParentName="EggFertBase">
    <defName>EggAcklayFertilized</defName>
    <label>acklay egg (fert.)</label>
    <description>Fertilized Acklay egg.</description>
    <graphicData>
      <color>(200,200,200)</color>
      <drawSize>1.5</drawSize>
    </graphicData>
    <statBases>
      <MarketValue>80.0</MarketValue>
    </statBases>
    <comps>
      <li Class="CompProperties_Hatcher">
        <hatcherDaystoHatch>15</hatcherDaystoHatch>
        <hatcherPawn>Acklay</hatcherPawn>
      </li>
    </comps>
  </ThingDef>
  
  <ThingDef ParentName="EggFertBase">
    <defName>EggKraytDragonFertilized</defName>
    <label>krayt dragon egg (fert.)</label>
    <description>Fertilized Krayt Dragon egg.</description>
    <graphicData>
      <color>(246,230,227)</color>
      <drawSize>1.6</drawSize>
    </graphicData>
    <statBases>
      <MarketValue>140.0</MarketValue>
    </statBases>
    <comps>
      <li Class="CompProperties_Hatcher">
        <hatcherDaystoHatch>15</hatcherDaystoHatch>
        <hatcherPawn>KraytDragon</hatcherPawn>
      </li>
    </comps>
  </ThingDef>
  
  <ThingDef ParentName="EggFertBase">
    <defName>EggGizkaFertilized</defName>
    <label>gizka egg (fert.)</label>
    <description>Fertilized Gizka egg.</description>
    <graphicData>
      <color>(245,245,245)</color>
    </graphicData>
    <statBases>
      <MarketValue>6</MarketValue>
    </statBases>
    <comps>
      <li Class="CompProperties_Hatcher">
        <hatcherDaystoHatch>4</hatcherDaystoHatch>
        <hatcherPawn>Gizka</hatcherPawn>
      </li>
    </comps>
  </ThingDef>
  
  <ThingDef ParentName="EggUnfertBase">
    <defName>EggGizkaUnfertilized</defName>
    <label>gizka egg (unfert.)</label>
    <description>Unfertilized gizka egg. It can be eaten raw, but it's much, much better cooked.</description>
    <graphicData>
      <color>(245,245,245)</color>
    </graphicData>
    <statBases>
      <MarketValue>7.0</MarketValue>
    </statBases>
  </ThingDef>
  
  <ThingDef ParentName="EggFertBase">
    <defName>EggPorgFertilized</defName>
    <label>porg egg (fert.)</label>
    <description>Fertilized Porg egg.</description>
    <graphicData>
      <color>(245,245,245)</color>
    </graphicData>
    <statBases>
      <MarketValue>6</MarketValue>
    </statBases>
    <comps>
      <li Class="CompProperties_Hatcher">
        <hatcherDaystoHatch>4</hatcherDaystoHatch>
        <hatcherPawn>Porg</hatcherPawn>
      </li>
    </comps>
  </ThingDef>
  
  <ThingDef ParentName="EggUnfertBase">
    <defName>EggPorgUnfertilized</defName>
    <label>porg egg (unfert.)</label>
    <description>Unfertilized porg egg. It can be eaten raw, but it's much, much better cooked.</description>
    <graphicData>
      <color>(245,245,245)</color>
    </graphicData>
    <statBases>
      <MarketValue>7.0</MarketValue>
    </statBases>
  </ThingDef>
     
	   <!-- ====== WOOL ====== -->
	   
	<ThingDef ParentName="WoolBase">
    <defName>WoolBantha</defName>
    <label>bantha wool</label>
    <description>Soft, light and provides very good insulation. Wool clothes can keep the body warm even in extreme conditions.</description>
    <graphicData>
      <color>(69,39,32)</color>
    </graphicData>
    <stuffProps>
      <color>(69,39,32)</color>
      <statFactors>
        <ArmorRating_Sharp>1.1</ArmorRating_Sharp>
        <ArmorRating_Heat>2.2</ArmorRating_Heat>
        <Insulation_Cold>15.0</Insulation_Cold>
        <Insulation_Heat>45.0</Insulation_Heat>
      </statFactors>
    </stuffProps>
  </ThingDef>
  
  <ThingDef ParentName="WoolBase">
    <defName>WoolNerf</defName>
    <label>nerf wool</label>
    <description>Soft, light and provides very good insulation. Wool clothes can keep the body warm even in extreme conditions.</description>
    <graphicData>
      <color>(69,39,32)</color>
    </graphicData>
    <stuffProps>
      <color>(69,39,32)</color>
      <statFactors>
        <ArmorRating_Sharp>1.1</ArmorRating_Sharp>
        <ArmorRating_Heat>2.2</ArmorRating_Heat>
        <Insulation_Cold>5.0</Insulation_Cold>
        <Insulation_Heat>10.0</Insulation_Heat>
      </statFactors>
    </stuffProps>
  </ThingDef>
  
  <!-- ====== TROPHIES ====== -->
  
  <ThingDef ParentName="ResourceVerbBase">
    <defName>BanthaHorn</defName>
    <label>bantha horn</label>
    <description>A bantha's horn. Good enough to fend off some enemies. Comes as at least a pair, so not as valuable as other horns out there.</description>
    <graphicData>
      <texPath>swanimals/BanthaHorn</texPath>
      <graphicClass>Graphic_Single</graphicClass>
    </graphicData>
    <equippedAngleOffset>-20</equippedAngleOffset>
    <statBases>
      <MarketValue>150</MarketValue>
      <MaxHitPoints>100</MaxHitPoints>
      <Mass>4</Mass>
      <Flammability>.4</Flammability>
      <DeteriorationRate>0.3</DeteriorationRate>
    </statBases>
    <resourceReadoutPriority>Middle</resourceReadoutPriority>
    <stackLimit>10</stackLimit>
	  <tools>
      <li>
        <label>point</label>
        <capacities>
          <li>Scratch</li>
          <li>Stab</li>
        </capacities>
        <power>7</power>
        <cooldownTime>1.85</cooldownTime>
      </li>
      <li>
        <label>base</label>
        <capacities>
          <li>Blunt</li>
        </capacities>
        <power>5</power>
        <cooldownTime>1.85</cooldownTime>
      </li>
    </tools>
    <thingCategories>
      <li>Items</li>
    </thingCategories>
    <tradeTags>
      <li>ExoticMisc</li>
    </tradeTags>
    <thingSetMakerTags>
      <li>AnimalPart</li>
    </thingSetMakerTags>
  </ThingDef>
  
  <ThingDef ParentName="ResourceVerbBase">
    <defName>KraytDragonHorn</defName>
    <label>krayt dragon horn</label>
    <description>A krayt dragon's horn. Good enough to fend off some enemies. Comes as at least a pair, so not as valuable as other horns out there.</description>
    <graphicData>
      <texPath>swanimals/KraytDragonHorn</texPath>
      <graphicClass>Graphic_Single</graphicClass>
    </graphicData>
    <equippedAngleOffset>-20</equippedAngleOffset>
    <statBases>
      <MarketValue>1150</MarketValue>
      <MaxHitPoints>150</MaxHitPoints>
      <Mass>4</Mass>
      <Flammability>0.4</Flammability>
      <DeteriorationRate>0.3</DeteriorationRate>
    </statBases>
    <resourceReadoutPriority>Middle</resourceReadoutPriority>
    <stackLimit>10</stackLimit>
	  <tools>
      <li>
        <label>point</label>
        <capacities>
          <li>Scratch</li>
          <li>Stab</li>
        </capacities>
        <power>28</power>
        <cooldownTime>1.85</cooldownTime>
      </li>
      <li>
        <label>base</label>
        <capacities>
          <li>Blunt</li>
        </capacities>
        <power>8</power>
        <cooldownTime>1.85</cooldownTime>
      </li>
    </tools>
    <thingCategories>
      <li>Items</li>
    </thingCategories>
    <tradeTags>
      <li>ExoticMisc</li>
    </tradeTags>
    <thingSetMakerTags>
      <li>AnimalPart</li>
    </thingSetMakerTags>
  </ThingDef>
  
  <ThingDef ParentName="ResourceBase">
    <defName>RancorSkull</defName>
    <label>rancor skull</label>
    <description>A rancor skull. Not only is it intimidating and beautiful at the same time, it speaks volumes .</description>
    <graphicData>
      <texPath>swanimals/rancorskull</texPath>
      <graphicClass>Graphic_Single</graphicClass>
    </graphicData>
    <statBases>
      <MarketValue>1500</MarketValue>
      <MaxHitPoints>150</MaxHitPoints>
      <Mass>4</Mass>
      <Flammability>1</Flammability>
      <DeteriorationRate>0.3</DeteriorationRate>
	  </statBases>
    <resourceReadoutPriority>Middle</resourceReadoutPriority>
    <stackLimit>1</stackLimit>
	  <thingCategories>
      <li>Items</li>
    </thingCategories>
    <tradeTags>
      <li>Exotic</li>
    </tradeTags>
  </ThingDef>
  
    <!-- ====== FOOD ====== -->
  
   <ThingDef ParentName="OrganicProductBase">
    <defName>BlueMilk</defName>
    <label>blue milk</label>
    <description>Blue milk from an animal.</description>
    <graphicData>
      <texPath>swanimals/BlueMilk</texPath>
    </graphicData>
    <socialPropernessMatters>true</socialPropernessMatters>
    <statBases>
      <MarketValue>3.5</MarketValue>
      <Mass>0.045</Mass>
			<MaxHitPoints>60</MaxHitPoints>
      <Flammability>0.2</Flammability>
      <Nutrition>0.05</Nutrition>
      <FoodPoisonChanceFixedHuman>0.02</FoodPoisonChanceFixedHuman>
    </statBases>
    <comps>
      <li Class="CompProperties_Rottable">
        <daysToRotStart>14</daysToRotStart>
				<rotDestroys>true</rotDestroys>
      </li>
    </comps>
    <ingestible>
      <preferability>RawTasty</preferability>
      <foodType>AnimalProduct, Fluid</foodType>
    </ingestible>
    <thingCategories>
      <li>AnimalProductRaw</li>
    </thingCategories>
  </ThingDef>
    
</Defs>