<?xml version="1.0" encoding="utf-8" ?>
<Defs>

    <!--===================== Claws =====================-->
  
    <BodyPartDef Name="ClawBase" Abstract="True">
        <hitPoints>7</hitPoints>
        <solid>true</solid>
        <alive>false</alive>
        <bleedRate>0</bleedRate>
        <permanentInjuryChanceFactor>0</permanentInjuryChanceFactor>
        <skinCovered>false</skinCovered>
        <frostbiteVulnerability>10</frostbiteVulnerability>
        <pawnGeneratorCanAmputate>true</pawnGeneratorCanAmputate>
    </BodyPartDef>

    <BodyPartDef ParentName="ClawBase">
        <defName>Claw</defName>
        <label>claw</label>
        <labelShort>claw</labelShort>
        <tags>
            <li>MovingLimbDigit</li>
            <li>ManipulationLimbDigit</li>
        </tags>
    </BodyPartDef>

</Defs>