﻿<?xml version="1.0" encoding="utf-8" ?>
<Defs>

  <BodyPartGroupDef>
    <defName>TailAttackTool</defName>
    <label>tail</label>
  </BodyPartGroupDef>

  <BodyPartGroupDef>
    <defName>LeftArmClawAttackTool</defName>
    <label>left claw</label>
  </BodyPartGroupDef>
  
  <BodyPartGroupDef>
    <defName>RightArmClawAttackTool</defName>
    <label>right claw</label>
  </BodyPartGroupDef>
  
  <BodyPartGroupDef>
    <defName>LeftLegClawAttackTool</defName>
    <label>left claw</label>
  </BodyPartGroupDef>
  
  <BodyPartGroupDef>
    <defName>RightLegClawAttackTool</defName>
    <label>right claw</label>
  </BodyPartGroupDef>
  
  <BodyPartGroupDef>
    <defName>LeftLeg</defName>
    <label>left leg</label>
  </BodyPartGroupDef>
  
  <BodyPartGroupDef>
    <defName>RightLeg</defName>
    <label>right leg</label>
  </BodyPartGroupDef>

</Defs>